id;titulo;descripcion;precio;subtitulo
1;Sorprendente;Navarra;10878;Gris Madera emulación
2;Puerta Aplicaciones Rusia;Sabroso;2280;Especialista Negro
3;Ergonómico Travesía;Acero Rústico;9904;Videojuegos
4;móbil;Seguridada;21669;Humano Gorro 24/7
5;Algodón Morado Coche;Director Centrado;25603;Algodón
6;Granito León;Queso Metal;26558;Práctico Sopa
7;Corporativo;Moda;14725;toda Bustamante Pelota
8;Gris aprovechar Inversor;Negro;7373;Seguridada
9;Optimización en;orientada Martinica;10636;Decoración Heredado Raton
10;Violeta;Gorro;30249;Integrado Luxemburgo
